frame_onboarding_welcome_dark	Onboarding_Welcome_Dark.png
frame_onboarding_welcome_light	Onboarding_Welcome_Light.png
frame_onboarding_goal_dark	Onboarding_Goal_Dark.png
frame_onboarding_goal_light	Onboarding_Goal_Light.png
frame_onboarding_experience_dark	Onboarding_Experience_Dark.png
frame_onboarding_experience_light	Onboarding_Experience_Light.png
frame_onboarding_pace_dark	Onboarding_Pace_Dark.png
frame_onboarding_pace_light	Onboarding_Pace_Light.png
frame_onboarding_namelamb_dark	Onboarding_NameLamb_Dark.png
frame_onboarding_namelamb_light	Onboarding_NameLamb_Light.png
frame_onboarding_buildingplan_dark	Onboarding_BuildingPlan_Dark.png
frame_onboarding_buildingplan_light	Onboarding_BuildingPlan_Light.png
frame_paywall_trial_dark	Paywall_Trial_Dark.png
frame_paywall_trial_light	Paywall_Trial_Light.png
frame_paywall_purchasing_dark	Paywall_Purchasing_Dark.png
frame_paywall_purchasing_light	Paywall_Purchasing_Light.png
frame_paywall_restored_dark	Paywall_Restored_Dark.png
frame_paywall_restored_light	Paywall_Restored_Light.png
frame_home_dailypath_dark	Home_DailyPath_Dark.png
frame_home_dailypath_light	Home_DailyPath_Light.png
frame_home_scrolled_dark	Home_Scrolled_Dark.png
frame_home_scrolled_light	Home_Scrolled_Light.png
frame_lesson_reading_dark	Lesson_Reading_Dark.png
frame_lesson_reading_light	Lesson_Reading_Light.png
frame_quiz_unanswered_dark	Quiz_Unanswered_Dark.png
frame_quiz_unanswered_light	Quiz_Unanswered_Light.png
frame_quiz_selected_dark	Quiz_Selected_Dark.png
frame_quiz_selected_light	Quiz_Selected_Light.png
frame_quiz_correct_dark	Quiz_Correct_Dark.png
frame_quiz_correct_light	Quiz_Correct_Light.png
frame_quiz_wrong_dark	Quiz_Wrong_Dark.png
frame_quiz_wrong_light	Quiz_Wrong_Light.png
frame_lesson_complete_dark	Lesson_Complete_Dark.png
frame_lesson_complete_light	Lesson_Complete_Light.png
frame_companion_detail_dark	Companion_Detail_Dark.png
frame_companion_detail_light	Companion_Detail_Light.png
frame_path_overview_dark	Path_Overview_Dark.png
frame_path_overview_light	Path_Overview_Light.png
frame_bible_reader_dark	Bible_Reader_Dark.png
frame_bible_reader_light	Bible_Reader_Light.png
frame_settings_dark	Settings_Dark.png
frame_settings_light	Settings_Light.png
frame_accessibility_ax3_dark	Accessibility_AX3_Dark.png
frame_accessibility_ax3_light	Accessibility_AX3_Light.png
frame_mascot_system_dark	Mascot_System_Dark.png
frame_mascot_system_light	Mascot_System_Light.png
frame_motion_quizmorph_start_dark	Motion_QuizMorph_Start_Dark.png
frame_motion_quizmorph_start_light	Motion_QuizMorph_Start_Light.png
frame_motion_quizmorph_mid_dark	Motion_QuizMorph_Mid_Dark.png
frame_motion_quizmorph_mid_light	Motion_QuizMorph_Mid_Light.png
frame_motion_quizmorph_end_dark	Motion_QuizMorph_End_Dark.png
frame_motion_quizmorph_end_light	Motion_QuizMorph_End_Light.png
frame_motion_accessory_inline_dark	Motion_Accessory_Inline_Dark.png
frame_motion_accessory_inline_light	Motion_Accessory_Inline_Light.png
frame_motion_accessory_expanded_dark	Motion_Accessory_Expanded_Dark.png
frame_motion_accessory_expanded_light	Motion_Accessory_Expanded_Light.png
frame_motion_pathmorph_start_dark	Motion_PathMorph_Start_Dark.png
frame_motion_pathmorph_start_light	Motion_PathMorph_Start_Light.png
frame_motion_pathmorph_end_dark	Motion_PathMorph_End_Dark.png
frame_motion_pathmorph_end_light	Motion_PathMorph_End_Light.png
frame_motion_mascot_evolution_dark	Motion_Mascot_Evolution_Dark.png
frame_motion_mascot_evolution_light	Motion_Mascot_Evolution_Light.png
